{
  "main": {
    "id": "000f6469bd2dac38",
    "type": "split",
    "children": [
      {
        "id": "ed84e1011eb9c0cc",
        "type": "tabs",
        "children": [
          {
            "id": "914d3cbc090d2c00",
            "type": "leaf",
            "pinned": true,
            "state": {
              "type": "markdown",
              "state": {
                "file": "posts/journal/24-3-march.md",
                "mode": "source",
                "source": false
              },
              "pinned": true
            }
          },
          {
            "id": "c91bc7974622b5b7",
            "type": "leaf",
            "pinned": true,
            "state": {
              "type": "markdown",
              "state": {
                "file": "posts/guide/operations.md",
                "mode": "source",
                "source": false
              },
              "pinned": true
            }
          },
          {
            "id": "4511dbd728b9e1d3",
            "type": "leaf",
            "pinned": true,
            "state": {
              "type": "markdown",
              "state": {
                "file": "posts/journal/backlog.md",
                "mode": "source",
                "source": false
              },
              "pinned": true
            }
          }
        ]
      }
    ],
    "direction": "vertical"
  },
  "left": {
    "id": "2d1020e370d8ff22",
    "type": "split",
    "children": [
      {
        "id": "5748fcd841b04f5b",
        "type": "tabs",
        "children": [
          {
            "id": "bcd27b140b4b6aa1",
            "type": "leaf",
            "state": {
              "type": "file-explorer",
              "state": {
                "sortOrder": "alphabetical"
              }
            }
          },
          {
            "id": "447b6d71fcdf29bd",
            "type": "leaf",
            "state": {
              "type": "search",
              "state": {
                "query": "",
                "matchingCase": false,
                "explainSearch": false,
                "collapseAll": false,
                "extraContext": false,
                "sortOrder": "alphabetical"
              }
            }
          },
          {
            "id": "555543e88a73bc59",
            "type": "leaf",
            "state": {
              "type": "bookmarks",
              "state": {}
            }
          }
        ]
      }
    ],
    "direction": "horizontal",
    "width": 200
  },
  "right": {
    "id": "dd3e4f6a221c67d9",
    "type": "split",
    "children": [
      {
        "id": "650c2bc0856ec3cd",
        "type": "tabs",
        "children": [
          {
            "id": "8493e91faacf7da0",
            "type": "leaf",
            "state": {
              "type": "backlink",
              "state": {
                "file": "posts/journal/24-3-march.md",
                "collapseAll": false,
                "extraContext": false,
                "sortOrder": "alphabetical",
                "showSearch": false,
                "searchQuery": "",
                "backlinkCollapsed": false,
                "unlinkedCollapsed": true
              }
            }
          },
          {
            "id": "257b8f3a4cc35d6f",
            "type": "leaf",
            "state": {
              "type": "outgoing-link",
              "state": {
                "file": "posts/journal/24-3-march.md",
                "linksCollapsed": false,
                "unlinkedCollapsed": true
              }
            }
          },
          {
            "id": "b442bacdd6caed20",
            "type": "leaf",
            "state": {
              "type": "tag",
              "state": {
                "sortOrder": "frequency",
                "useHierarchy": true
              }
            }
          },
          {
            "id": "33908c4e1af07758",
            "type": "leaf",
            "state": {
              "type": "outline",
              "state": {
                "file": "posts/journal/24-3-march.md"
              }
            }
          }
        ]
      }
    ],
    "direction": "horizontal",
    "width": 300,
    "collapsed": true
  },
  "left-ribbon": {
    "hiddenItems": {
      "switcher:Open quick switcher": false,
      "graph:Open graph view": false,
      "canvas:Create new canvas": false,
      "daily-notes:Open today's daily note": false,
      "templates:Insert template": false,
      "command-palette:Open command palette": false,
      "hide-folders:Show hidden folders": false
    }
  },
  "active": "914d3cbc090d2c00",
  "lastOpenFiles": [
    "public/img/Pasted image 20240312112552.png",
    "public/img/Pasted image 20240312112534.png",
    "posts/journal/image.png",
    "public/img/Pasted image 20240312112512.png",
    "public/img/Pasted image 20240312112501.png",
    "public/img/Pasted image 20240312112450.png",
    "public/img/Pasted image 20240312112431.png",
    "public/img/Pasted image 20240312112208.png",
    "public/img/Pasted image 20240312112151.png",
    "public/img/Pasted image 20240312112054.png",
    "posts/journal/backlog.md",
    "posts/projects/introduction.md",
    "posts/journal/Readme.md",
    "posts/journal/24-2-feb.md",
    "posts/journal/24-3-march.md",
    "posts/projects/Panda Plus Cabinetry.md",
    "posts/projects/slc-website.md",
    "posts/journal/24-1-jan.md",
    "public/img/Pasted image 20240312111846.png",
    "posts/guide/operations.md",
    "posts/guide/agency.md",
    "posts/guide/software.md",
    "posts/guide/Readme.md",
    "toc.md",
    "posts/guide/growth.md",
    "posts/guide/finance.md",
    "2024-03-12.md",
    "posts/projects/Readme.md",
    "posts/projects/vuepressdocs.md",
    "posts/projects/python.md",
    "posts/projects/laravel-vue.md",
    "posts/projects/flutter.md",
    "posts/projects/documentation.md",
    "posts/projects/ctp-ecommerce.md",
    "posts/projects/angular-dotnet.md",
    "posts/projects/angular-pro.md"
  ]
}