{
  "main": {
    "id": "326ceb1144ee81b5",
    "type": "split",
    "children": [
      {
        "id": "21ee19adcd5e5b37",
        "type": "tabs",
        "children": [
          {
            "id": "f159fefc620b077e",
            "type": "leaf",
            "pinned": true,
            "state": {
              "type": "markdown",
              "state": {
                "file": "journal/24-3-march.md",
                "mode": "source",
                "source": false
              },
              "pinned": true
            }
          },
          {
            "id": "8cad17c7667fa075",
            "type": "leaf",
            "state": {
              "type": "empty",
              "state": {}
            }
          }
        ]
      }
    ],
    "direction": "vertical"
  },
  "left": {
    "id": "5dcc46c077fae09e",
    "type": "split",
    "children": [
      {
        "id": "610d0c4a38e153e8",
        "type": "tabs",
        "children": [
          {
            "id": "54c9327285740281",
            "type": "leaf",
            "state": {
              "type": "file-explorer",
              "state": {
                "sortOrder": "alphabetical"
              }
            }
          },
          {
            "id": "7f74618d774e6933",
            "type": "leaf",
            "state": {
              "type": "search",
              "state": {
                "query": "",
                "matchingCase": false,
                "explainSearch": false,
                "collapseAll": false,
                "extraContext": false,
                "sortOrder": "alphabetical"
              }
            }
          },
          {
            "id": "e19bc94694b8a6e7",
            "type": "leaf",
            "state": {
              "type": "bookmarks",
              "state": {}
            }
          }
        ]
      }
    ],
    "direction": "horizontal",
    "width": 200
  },
  "right": {
    "id": "386dd04d4f80deb3",
    "type": "split",
    "children": [
      {
        "id": "c43dab6f18a243a6",
        "type": "tabs",
        "children": [
          {
            "id": "cd9790b71a86a3b0",
            "type": "leaf",
            "state": {
              "type": "backlink",
              "state": {
                "file": "journal/24-3-march.md",
                "collapseAll": false,
                "extraContext": false,
                "sortOrder": "alphabetical",
                "showSearch": false,
                "searchQuery": "",
                "backlinkCollapsed": false,
                "unlinkedCollapsed": true
              }
            }
          },
          {
            "id": "dcf8f74c7d0db7ac",
            "type": "leaf",
            "state": {
              "type": "outgoing-link",
              "state": {
                "file": "journal/24-3-march.md",
                "linksCollapsed": false,
                "unlinkedCollapsed": true
              }
            }
          },
          {
            "id": "ac0c6b4969ff5752",
            "type": "leaf",
            "state": {
              "type": "tag",
              "state": {
                "sortOrder": "frequency",
                "useHierarchy": true
              }
            }
          },
          {
            "id": "03930c486c2c8c33",
            "type": "leaf",
            "state": {
              "type": "outline",
              "state": {
                "file": "journal/24-3-march.md"
              }
            }
          }
        ]
      }
    ],
    "direction": "horizontal",
    "width": 300,
    "collapsed": true
  },
  "left-ribbon": {
    "hiddenItems": {
      "switcher:Open quick switcher": false,
      "graph:Open graph view": false,
      "canvas:Create new canvas": false,
      "daily-notes:Open today's daily note": false,
      "templates:Insert template": false,
      "command-palette:Open command palette": false
    }
  },
  "active": "f159fefc620b077e",
  "lastOpenFiles": [
    "guide/stay-out-trouble.md",
    "Pasted image 20240314110612.png",
    "journal/24-3-march.md",
    "journal/24-2-feb.md",
    "journal/24-1-jan.md",
    "journal/Readme.md"
  ]
}